title,url,img_ref,star_count,review_count,price,is_free_shipping,shipping_price,limited_stock,additional_buy_options
OTS NCAA Toddler Cinch All-Star Adjustable Hat,https://amazon.com/NCAA-Cinch-All-Star-Adjustable-Toddler/dp/B071L479TX/ref=sr_1_1?dchild=1&keywords=temple+university+hat&qid=1585383880&sr=8-1,https://m.media-amazon.com/images/I/81PanMkOqnL._AC_UL960_QL65_ML3_.jpg,4.8,83,$14.15,True,,,False
Top of the World NCAA Relaxed Fit Adjustable Mesh Offroad Hat Team Color Icon,https://amazon.com/Top-World-Official-Adjustable-Offroad/dp/B071YM278G/ref=sr_1_2?dchild=1&keywords=temple+university+hat&qid=1585383880&sr=8-2,https://m.media-amazon.com/images/I/91t1Q0K-qUL._AC_UL960_QL65_ML3_.jpg,4.7,941,$18.39,True,,,False
Top of the World NCAA Relaxed Fit Adjustable Hat Team Color Primary Icon,https://amazon.com/Adjustable-Cotton-Crew-Hat-Cap/dp/B007GLXVYS/ref=sr_1_3?dchild=1&keywords=temple+university+hat&qid=1585383880&sr=8-3,https://m.media-amazon.com/images/I/81jHqyktQVL._AC_UL960_QL65_ML3_.jpg,4.7,428,$19.99,True,,,False
Top of the World NCAA Men's Hat Adjustable Vintage Team Icon,https://amazon.com/Top-World-Nittany-Vintage-Adjustable/dp/B07H3YYLJG/ref=sr_1_4?dchild=1&keywords=temple+university+hat&qid=1585383880&sr=8-4,https://m.media-amazon.com/images/I/915CP+66a-L._AC_UL960_QL65_ML3_.jpg,4.7,480,$19.93,True,,,False
"NCAA '47 Clean Up Adjustable Hat, One Size Fits All",https://amazon.com/Wisconsin-Badgers-47-Brand-Adjustable/dp/B00K2UV03Y/ref=sr_1_5?dchild=1&keywords=temple+university+hat&qid=1585383880&sr=8-5,https://m.media-amazon.com/images/I/917WTUBB+1L._AC_UL960_QL65_ML3_.jpg,4.6,486,$24.95,False,$4.95,,False
The Game Georgetown Hoyas Adult Gameday Bar Adjustable Hat - White,https://amazon.com/Georgetown-Unisex-Game-Design-Adjustable/dp/B01LYSLDJW/ref=sr_1_6?dchild=1&keywords=temple+university+hat&qid=1585383880&sr=8-6,https://m.media-amazon.com/images/I/61pkIAkt15L._AC_UL960_QL65_ML3_.jpg,5.0,4,$17.99,True,,,False
Zephyr Adult NCAA All-American Relaxed Adjustable Hat,https://amazon.com/Zephyr-All-American-Relaxed-Adjustable-Temple/dp/B07SG6WSG5/ref=sr_1_7?dchild=1&keywords=temple+university+hat&qid=1585383880&sr=8-7,https://m.media-amazon.com/images/I/61akKbniGwL._AC_UL960_QL65_ML3_.jpg,4.8,26,$21.95,True,,,False
"NCAA Fordham Rams Unisex NCAA The Game bar Design Hat, White, Adjustable",https://amazon.com/Fordham-Unisex-Game-Design-Adjustable/dp/B01LXHR2HN/ref=sr_1_8?dchild=1&keywords=temple+university+hat&qid=1585383880&sr=8-8,https://m.media-amazon.com/images/I/61piWOFmw7L._AC_UL960_QL65_ML3_.jpg,4.2,4,$17.92,True,,,False
"The Game NCAA Stanford Cardinal Unisex NCAA bar Design Hat, White, Adjustable",https://amazon.com/Game-Stanford-Cardinal-Unisex-Adjustable/dp/B01LZRUD43/ref=sr_1_9?dchild=1&keywords=temple+university+hat&qid=1585383880&sr=8-9,https://m.media-amazon.com/images/I/61aX3p7PxVL._AC_UL960_QL65_ML3_.jpg,5.0,5,$17.99,True,,,False
"Virginia Cavaliers Adult Game Bar Adjustable Hat - White,",https://amazon.com/Game-Virginia-Cavaliers-Unisex-Adjustable/dp/B01M1GI0ET/ref=sr_1_10?dchild=1&keywords=temple+university+hat&qid=1585383880&sr=8-10,https://m.media-amazon.com/images/I/61ycSZBpxEL._AC_UL960_QL65_ML3_.jpg,4.1,5,$17.99,True,,,False
San Diego State Aztecs Adult Game Bar Adjustable Hat - White,https://amazon.com/Aztecs-Unisex-Game-Design-Adjustable/dp/B01M12N85I/ref=sr_1_11?dchild=1&keywords=temple+university+hat&qid=1585383880&sr=8-11,https://m.media-amazon.com/images/I/61lJkC3YKWL._AC_UL960_QL65_ML3_.jpg,4.3,4,$17.99,True,,,False
"NCAA North Carolina Tar Heels Unisex NCAA The Game bar Design Hat, White, Adjustable",https://amazon.com/Carolina-Unisex-Game-Design-Adjustable/dp/B01LYV2IRD/ref=sr_1_12?dchild=1&keywords=temple+university+hat&qid=1585383880&sr=8-12,https://m.media-amazon.com/images/I/61s9K5FR2wL._AC_UL960_QL65_ML3_.jpg,4.5,4,$17.99,True,,,False
"The Game NCAA Tennessee Volunteers Unisex NCAA bar Design Hat, White, Adjustable",https://amazon.com/Game-Tennessee-Volunteers-Unisex-Adjustable/dp/B01LZIIE75/ref=sr_1_13?dchild=1&keywords=temple+university+hat&qid=1585383880&sr=8-13,https://m.media-amazon.com/images/I/61vMuYXzEhL._AC_UL960_QL65_ML3_.jpg,4.6,3,$17.99,True,,,False
"Army Black Knights Adult Game Bar Adjustable Hat - White,",https://amazon.com/Knights-Unisex-Game-Design-Adjustable/dp/B01LZRUDIW/ref=sr_1_14?dchild=1&keywords=temple+university+hat&qid=1585383880&sr=8-14,https://m.media-amazon.com/images/I/61F2+Z-HCoL._AC_UL960_QL65_ML3_.jpg,5.0,2,$17.99,True,,,False
"NCAA North Carolina State Wolfpack Unisex NCAA The Game bar Design Hat, White, Adjustable",https://amazon.com/Carolina-Wolfpack-Unisex-Game-Adjustable/dp/B01LXK958Z/ref=sr_1_15?dchild=1&keywords=temple+university+hat&qid=1585383880&sr=8-15,https://m.media-amazon.com/images/I/61gG2uG7zWL._AC_UL960_QL65_ML3_.jpg,5.0,1,$17.99,True,,,False
"The Game NCAA Virginia Cavaliers Unisex NCAA bar Design Hat, White, Adjustable",https://amazon.com/Game-Virginia-Cavaliers-Unisex-Adjustable/dp/B01LY7N08S/ref=sr_1_16?dchild=1&keywords=temple+university+hat&qid=1585383880&sr=8-16,https://m.media-amazon.com/images/I/61l+D0BokhL._AC_UL960_QL65_ML3_.jpg,5.0,3,$17.52,True,,,False
"NCAA West Virginia Mountaineers Clean Up Adjustable Hat, One Size, Navy",https://amazon.com/47-NCAA-Mountaineers-Clean-Up/dp/B009SKKP9O/ref=sr_1_17?dchild=1&keywords=temple+university+hat&qid=1585383880&sr=8-17,https://m.media-amazon.com/images/I/81TgzD1vhJL._AC_UL960_QL65_ML3_.jpg,5.0,1,$19.99,True,,,False
The Game North Carolina Tar Heels Adult Gameday Bar Adjustable Hat - White,https://amazon.com/Carolina-Unisex-Game-Design-Adjustable/dp/B01M0607E7/ref=sr_1_18?dchild=1&keywords=temple+university+hat&qid=1585383880&sr=8-18,https://m.media-amazon.com/images/I/61SmiKaOGVL._AC_UL960_QL65_ML3_.jpg,5.0,2,$17.99,True,,,False
Northwestern Wildcats Adult Game Bar Adjustable Hat - White,https://amazon.com/Northeastern-Illinois-Golden-Game-Adjustable/dp/B01LYSLJXC/ref=sr_1_19?dchild=1&keywords=temple+university+hat&qid=1585383880&sr=8-19,https://m.media-amazon.com/images/I/610yj7CWU+L._AC_UL960_QL65_ML3_.jpg,5.0,1,$17.99,True,,,False
"NCAA Rutgers Scarlet Knights Unisex NCAA The Game bar Design Hat, White, Adjustable",https://amazon.com/Rutgers-Scarlet-Knights-Game-Adjustable/dp/B01LXTGTTS/ref=sr_1_20?dchild=1&keywords=temple+university+hat&qid=1585383880&sr=8-20,https://m.media-amazon.com/images/I/61BUzN2ch9L._AC_UL960_QL65_ML3_.jpg,5.0,1,$17.99,True,,,False
Tennessee Volunteers Adult Game Bar Adjustable Hat - White,https://amazon.com/Game-Tennessee-Volunteers-Unisex-Adjustable/dp/B01LZ6R6SR/ref=sr_1_21?dchild=1&keywords=temple+university+hat&qid=1585383880&sr=8-21,https://m.media-amazon.com/images/I/61m1BGi0awL._AC_UL960_QL65_ML3_.jpg,4.2,8,$17.99,True,,,False
"Colorado Buffaloes Adult Game Bar Adjustable Hat - White,",https://amazon.com/Colorado-Buffaloes-Unisex-Game-Adjustable/dp/B01LXTGWAR/ref=sr_1_22?dchild=1&keywords=temple+university+hat&qid=1585383880&sr=8-22,https://m.media-amazon.com/images/I/71HmaZWpvOL._AC_UL960_QL65_ML3_.jpg,2.6,4,$17.99,True,,,False
"Pepperdine Waves Adult Game Bar Adjustable Hat - White,",https://amazon.com/Pepperdine-Unisex-Game-Design-Adjustable/dp/B01LYSLHHG/ref=sr_1_23?dchild=1&keywords=temple+university+hat&qid=1585383880&sr=8-23,https://m.media-amazon.com/images/I/61oY1O15PtL._AC_UL960_QL65_ML3_.jpg,,,$17.99,True,,,False
"Northeastern State Riverhawks Adult Game Bar Adjustable Hat - White,",https://amazon.com/Northeastern-Huskies-Unisex-Game-Adjustable/dp/B01M12N7G3/ref=sr_1_24?dchild=1&keywords=temple+university+hat&qid=1585383880&sr=8-24,https://m.media-amazon.com/images/I/61OG7YKqpDL._AC_UL960_QL65_ML3_.jpg,,,$17.99,True,,,False
"Top of the World Indiana Hoosiers Adult NCAA Park Adjustable Hat - Team Color,",https://amazon.com/Top-World-Indiana-Hoosiers-Adjustable/dp/B07757PSY2/ref=sr_1_25?dchild=1&keywords=temple+university+hat&qid=1585383880&sr=8-25,https://m.media-amazon.com/images/I/71IdeY1ktrL._AC_UL960_QL65_ML3_.jpg,,,$12.99,True,,,False
The Game Colorado State Rams Adult Gameday Bar Adjustable Hat - White,https://amazon.com/Colorado-Unisex-Game-Design-Adjustable/dp/B01LYSLHWG/ref=sr_1_26?dchild=1&keywords=temple+university+hat&qid=1585383880&sr=8-26,https://m.media-amazon.com/images/I/61XJTJLYPIL._AC_UL960_QL65_ML3_.jpg,5.0,1,$17.99,True,,,False
The Game NCAA Unisex KNS BAR,https://amazon.com/Kansas-Jayhawks-Unisex-Game-Adjustable/dp/B01LYV2HCT/ref=sr_1_27?dchild=1&keywords=temple+university+hat&qid=1585383880&sr=8-27,https://m.media-amazon.com/images/I/61bcQvruUpL._AC_UL960_QL65_ML3_.jpg,,,$17.84,True,,,False
"Indiana Hoosiers Adult Game Bar Adjustable Snapback Hat - White,",https://amazon.com/Indiana-Hoosiers-Unisex-Game-Adjustable/dp/B01M0602U1/ref=sr_1_28?dchild=1&keywords=temple+university+hat&qid=1585383880&sr=8-28,https://m.media-amazon.com/images/I/61Wc5UN5XnL._AC_UL960_QL65_ML3_.jpg,4.0,2,$17.99,True,,,False
"NCAA Iowa State Cyclones Unisex NCAA The Game bar Design Hat, White, Adjustable",https://amazon.com/Cyclones-Unisex-Game-Design-Adjustable/dp/B01LZIIBUM/ref=sr_1_29?dchild=1&keywords=temple+university+hat&qid=1585383880&sr=8-29,https://m.media-amazon.com/images/I/61QyTRp7fRL._AC_UL960_QL65_ML3_.jpg,5.0,1,$17.77,True,,,False
Temple Owls Adult Game Bar Adjustable Hat - White,https://amazon.com/Game-Temple-Unisex-Design-Adjustable/dp/B01LZ49OYP/ref=sr_1_30?dchild=1&keywords=temple+university+hat&qid=1585383880&sr=8-30,https://m.media-amazon.com/images/I/61YsJgCyjNL._AC_UL960_QL65_ML3_.jpg,5.0,2,$17.58,True,,,False
Zephyr Men's Temple Owls Competitor Zwool Adjustable Hat Size: Adj Cardinal,https://amazon.com/Zephyr-Temple-Competitor-Adjustable-Cardinal/dp/B01N499SHH/ref=sr_1_31?dchild=1&keywords=temple+university+hat&qid=1585383880&sr=8-31,https://m.media-amazon.com/images/I/71lXUO9a4YL._AC_UL960_QL65_ML3_.jpg,5.0,1,$20.75,False,$6.97,,False
"NCAA North Carolina State Wolfpack Unisex NCAA The Game bar Design Hat, White, Adjustable",https://amazon.com/Carolina-Wolfpack-Unisex-Game-Adjustable/dp/B01LY7N14D/ref=sr_1_32?dchild=1&keywords=temple+university+hat&qid=1585383880&sr=8-32,https://m.media-amazon.com/images/I/616Wdmnv8HL._AC_UL960_QL65_ML3_.jpg,3.0,1,$17.29,True,,,False
CampusHats Temple University TU Owls Cherry Red Jersey Mesh Owl Head Men/Womens Top Adjustable Visor,https://amazon.com/CampusHats-Temple-University-Cherry-Adjustable/dp/B07V86Y3Y7/ref=sr_1_33?dchild=1&keywords=temple+university+hat&qid=1585383880&sr=8-33,https://m.media-amazon.com/images/I/21+Ghq-TQUL._AC_UL320_ML3_.jpg,5.0,2,$19.99,True,,,False
"NCAA Iowa State Cyclones Unisex NCAA The Game bar Design Hat, White, Adjustable",https://amazon.com/Cyclones-Unisex-Game-Design-Adjustable/dp/B01M0HORW2/ref=sr_1_34?dchild=1&keywords=temple+university+hat&qid=1585383880&sr=8-34,https://m.media-amazon.com/images/I/61xP-QqLR4L._AC_UL960_QL65_ML3_.jpg,,,$17.99,True,,,False
"NCAA Kansas Jayhawks Unisex NCAA The Game bar Design Hat, White, Adjustable",https://amazon.com/Kansas-Jayhawks-Unisex-Game-Adjustable/dp/B01M0HOMU0/ref=sr_1_35?dchild=1&keywords=temple+university+hat&qid=1585383880&sr=8-35,https://m.media-amazon.com/images/I/61s7f3uFwdL._AC_UL960_QL65_ML3_.jpg,4.2,2,$16.59,True,,,False
"New Era Colorado Buffaloes Adult NCAA Stated Trucker Meshback Hat - Team Color,",https://amazon.com/New-Era-Colorado-Buffaloes-Meshback/dp/B07HY9WQ5C/ref=sr_1_36?dchild=1&keywords=temple+university+hat&qid=1585383880&sr=8-36,https://m.media-amazon.com/images/I/617RWQZo8jL._AC_UL960_QL65_ML3_.jpg,,,$24.05,False,$4.95,,False
Captivating Headgear Tennessee Volunteers Adjustable Cap Logo Hat,https://amazon.com/Tennessee-Volunteers-Adjustable-Logo-Black/dp/B01CT8684M/ref=sr_1_37?dchild=1&keywords=temple+university+hat&qid=1585383880&sr=8-37,https://m.media-amazon.com/images/I/71SRNbg7DgL._AC_UL960_QL65_ML3_.jpg,,,$15.99,True,,,False
"Top of the World NCAA Tennessee Volunteers Fresh Adjustable Hat, One Size, Charcoal Gray",https://amazon.com/Top-World-Tennessee-Volunteers-Adjustable/dp/B01LWRBLW1/ref=sr_1_38?dchild=1&keywords=temple+university+hat&qid=1585383880&sr=8-38,https://m.media-amazon.com/images/I/716w38gi9VL._AC_UL960_QL65_ML3_.jpg,,,$9.95,False,$4.95,,False
"Ouray Sportswear NCAA Army Black Knights Epic Washed Twill Cap, Adjustable, Black",https://amazon.com/Ouray-Sportswear-Knights-Washed-Adjustable/dp/B07QKHWQBZ/ref=sr_1_39?dchild=1&keywords=temple+university+hat&qid=1585383880&sr=8-39,https://m.media-amazon.com/images/I/616GA5XtzDL._AC_UL960_QL65_ML3_.jpg,,,$22.25,True,,,False
NCAA Captain Hat Adjustable Cap Florida Gators,https://amazon.com/Captain-Adjustable-Cap-Florida-Gators/dp/B07HVQSB14/ref=sr_1_40?dchild=1&keywords=temple+university+hat&qid=1585383880&sr=8-40,https://m.media-amazon.com/images/I/71BOtMhH+uL._AC_UL960_QL65_ML3_.jpg,,,$11.95,True,,,False
"Ouray Sportswear NCAA Providence Friars Epic Washed Twill Cap, White",https://amazon.com/Ouray-Sportswear-Purdue-Boilermakers-Adjustable/dp/B07DNT8M7S/ref=sr_1_41?dchild=1&keywords=temple+university+hat&qid=1585383880&sr=8-41,https://m.media-amazon.com/images/I/81ycdReLaLL._AC_UL960_QL65_ML3_.jpg,,,$16.63,True,,,False
"NCAA Kansas Jayhawks Unisex NCAA The Game bar Design Hat, White, Adjustable",https://amazon.com/Kansas-Jayhawks-Unisex-Game-Adjustable/dp/B01LZUBCRK/ref=sr_1_42?dchild=1&keywords=temple+university+hat&qid=1585383880&sr=8-42,https://m.media-amazon.com/images/I/61eOXJC0xxL._AC_UL960_QL65_ML3_.jpg,,,$17.99,True,,,False
Top of the World Temple Owls Red Gray Offroad Mesh Adjustable Snapback Hat Cap,https://amazon.com/Top-World-Offroad-Adjustable-Snapback/dp/B01LDKR9DG/ref=sr_1_43?dchild=1&keywords=temple+university+hat&qid=1585383880&sr=8-43,https://m.media-amazon.com/images/I/51-gUcCZ6XL._AC_UL960_QL65_ML3_.jpg,,,$21.99,False,$5.89,,False
Captivating Headwear Northwestern Wildcats Adult Adjustable Cap Hat,https://amazon.com/Captivating-Headwear-Northwestern-Wildcats-Adjustable/dp/B084T5CL6H/ref=sr_1_44?dchild=1&keywords=temple+university+hat&qid=1585383880&sr=8-44,https://m.media-amazon.com/images/I/81VR3g3tLPL._AC_UL960_QL65_ML3_.jpg,,,$19.95,True,,,False
"NCAA Northern Arizona Lumberjacks Unisex NCAA The Game bar Design Hat, White, Adjustable",https://amazon.com/Northern-Arizona-Lumberjacks-Game-Adjustable/dp/B01LXHR8TN/ref=sr_1_45?dchild=1&keywords=temple+university+hat&qid=1585383880&sr=8-45,https://m.media-amazon.com/images/I/61LY12ZanXL._AC_UL960_QL65_ML3_.jpg,,,$17.99,True,,,False
Ivysport Cotton Short Sleeve Color T-Shirt with Classic Logo,https://amazon.com/gp/slredirect/picassoRedirect.html/ref=pa_sp_btf_aps_sr_pg1_1?ie=UTF8&adId=A04438193B5IBSQPBS6T2&url=%2FIvysport-University-Short-Sleeve-T-Shirt-Cardinal%2Fdp%2FB07SHH1SRT%2Fref%3Dsr_1_46_sspa%3Fkeywords%3Dtemple%2Buniversity%2Bhat%26qid%3D1585383880%26sr%3D8-46-spons%26psc%3D1&qualifier=1585383880&id=8526885238018064&widgetName=sp_btf,https://m.media-amazon.com/images/I/61ZUD8XpeYL._AC_UL960_QL65_ML3_.jpg,4.5,161,$19.95,True,,,False
Top of the World NCAA Relaxed Fit Adjustable Hat Team Color Primary Icon,https://amazon.com/gp/slredirect/picassoRedirect.html/ref=pa_sp_btf_aps_sr_pg1_2?ie=UTF8&adId=A00657292CAANNL4FRHYB&url=%2FAdjustable-Cotton-Crew-Hat-Cap%2Fdp%2FB007GLXVYS%2Fref%3Dsr_1_47_sspa%3Fkeywords%3Dtemple%2Buniversity%2Bhat%26qid%3D1585383880%26sr%3D8-47-spons%26psc%3D1&qualifier=1585383880&id=8526885238018064&widgetName=sp_btf,https://m.media-amazon.com/images/I/81jHqyktQVL._AC_UL960_QL65_ML3_.jpg,4.7,428,$19.99,True,,,False
Zephyr Men's Temple Owls Competitor Zwool Adjustable Hat Size: Adj Cardinal,https://amazon.com/gp/slredirect/picassoRedirect.html/ref=pa_sp_btf_aps_sr_pg1_3?ie=UTF8&adId=A02543882S6RTPHTFVNXU&url=%2FZephyr-Temple-Competitor-Adjustable-Cardinal%2Fdp%2FB01N499SHH%2Fref%3Dsr_1_48_sspa%3Fkeywords%3Dtemple%2Buniversity%2Bhat%26qid%3D1585383880%26sr%3D8-48-spons%26psc%3D1&qualifier=1585383880&id=8526885238018064&widgetName=sp_btf,https://m.media-amazon.com/images/I/71lXUO9a4YL._AC_UL960_QL65_ML3_.jpg,5.0,1,$20.75,False,$6.97,,False
Top of the World NCAA Relaxed Fit Adjustable Mesh Offroad Hat Team Color Icon,https://amazon.com/gp/slredirect/picassoRedirect.html/ref=pa_sp_btf_aps_sr_pg1_4?ie=UTF8&adId=A0828013V1RU8LH4FBTC&url=%2FTop-World-Official-Adjustable-Offroad%2Fdp%2FB071YM278G%2Fref%3Dsr_1_49_sspa%3Fkeywords%3Dtemple%2Buniversity%2Bhat%26qid%3D1585383880%26sr%3D8-49-spons%26psc%3D1&qualifier=1585383880&id=8526885238018064&widgetName=sp_btf,https://m.media-amazon.com/images/I/91t1Q0K-qUL._AC_UL960_QL65_ML3_.jpg,4.7,941,$18.39,True,,,False
